{
"lengthUnit": "mil",
"components": {
	"fields": ["COMPONENT_NO", "COMPONENT_NAME", "LAYER", "X_COORDINATE", "Y_COORDINATE", "ANGLE"],
	"rows": [
		[1, "C1", "T", 2293.91, 601.71, 0],
		[2, "C2", "T", 2298.91, 531.71, 180],
		[3, "CN2", "B", 2865, 405, 90],
		[4, "D4", "T", 2623.91, 291.71, 0],
		[5, "LED1", "T", 2943.91, 1471.71, 0],
		[6, "LED2", "T", 2793.91, 1541.71, 0],
		[7, "LED3", "T", 2638.91, 1606.71, 0],
		[8, "LED4", "T", 2348.91, 146.71, 90],
		[9, "LED5", "T", 2498.91, 1686.71, 0],
		[10, "MOT1", "T", 2667.14, 761.67, 0],
		[11, "MOT2", "T", 2667.14, 704.08, 0],
		[12, "OP_LED-1", "T", 2667.14, 819.26, 0],
		[13, "OP_LED+1", "T", 2667.14, 876.86, 0],
		[14, "OP_SEN_C1", "T", 2667.14, 992.04, 0],
		[15, "OP_SEN_E1", "T", 2667.14, 934.45, 0],
		[16, "Q1", "T", 2623.91, 406.71, 90],
		[17, "R1", "T", 1553.91, 946.71, 90],
		[18, "R2", "T", 1483.91, 1046.71, 180],
		[19, "R4", "T", 2868.91, 1381.71, 0],
		[20, "R5", "T", 2733.91, 1451.71, 0],
		[21, "R6", "T", 2578.91, 1516.71, 0],
		[22, "R7", "T", 2233.91, 181.71, 0],
		[23, "R8", "T", 2453.91, 1606.71, 0],
		[24, "R9", "T", 2448.91, 676.71, 0],
		[25, "R10", "T", 1879.9, 1007.9, 0],
		[26, "R12", "T", 2623.91, 536.71, 0],
		[27, "R14", "T", 1898.91, 931.71, 0],
		[28, "R15", "T", 2493.91, 111.71, 0],
		[29, "SW3", "T", 1968.91, 1531.71, 180],
		[30, "SW4", "T", 1473.91, 1481.71, 0],
		[31, "U1", "T", 1706.71, 1000.39, 0],
		[32, "U2", "T", 2203.91, 746.71, 270],
		[33, "U4", "T", 1378.3, 1292.83, 0]
	]
},
"pins": {
	"fields": ["PIN_NO", "PIN_NAME", "PIN_X", "PIN_Y", "LAYER", "PIN_TYPE", "NET_NAME", "NET_TYPE", "PAD_SHAPE", "PAD_SIZEX", "PAD_SIZEY", "HOLE_SIZE", "PAD_ANGLE"],
	"rows": [
		[1, "C1_1", 2272.45, 601.71, "T", "SMD", "GND", "GND", "R", 31.11, 21.26, 0, 0],
		[2, "C1_2", 2315.37, 601.71, "T", "SMD", "+5V", "", "R", 31.11, 21.26, 0, 0],
		[3, "C2_1", 2326.47, 531.71, "T", "SMD", "+5V", "", "R", 31.5, 35.43, 0, 180],
		[4, "C2_2", 2271.35, 531.71, "T", "SMD", "GND", "GND", "R", 31.5, 35.43, 0, 180],
		[5, "CN2_1", 2865, 306.57, "T", "DIP", "+5V", "", "C", 70.87, 70.87, 39.37, 90],
		[6, "CN2_1", 2865, 306.57, "B", "DIP", "+5V", "", "C", 70.87, 70.87, 39.37, 90],
		[7, "CN2_2", 2865, 405, "T", "DIP", "$1N3364", "", "C", 70.87, 70.87, 39.37, 90],
		[8, "CN2_2", 2865, 405, "B", "DIP", "$1N3364", "", "C", 70.87, 70.87, 39.37, 90],
		[9, "CN2_3", 2865, 503.43, "T", "DIP", "GND", "GND", "C", 70.87, 70.87, 39.37, 90],
		[10, "CN2_3", 2865, 503.43, "B", "DIP", "GND", "GND", "C", 70.87, 70.87, 39.37, 90],
		[11, "D4_1", 2577.75, 291.71, "T", "SMD", "$1N3364", "", "R", 39.37, 29.53, 0, 0],
		[12, "D4_2", 2670.08, 291.71, "T", "SMD", "+5V", "", "R", 39.37, 29.53, 0, 0],
		[13, "LED1_1", 2912.44, 1471.58, "T", "SMD", "GND", "GND", "R", 31.5, 31.5, 0, 90],
		[14, "LED1_2", 2975.39, 1471.84, "T", "SMD", "$1N584", "", "R", 31.5, 31.5, 0, 90],
		[15, "LED2_1", 2762.44, 1541.58, "T", "SMD", "GND", "GND", "R", 31.5, 31.5, 0, 90],
		[16, "LED2_2", 2825.39, 1541.84, "T", "SMD", "$1N680", "", "R", 31.5, 31.5, 0, 90],
		[17, "LED3_1", 2607.44, 1606.58, "T", "SMD", "GND", "GND", "R", 31.5, 31.5, 0, 90],
		[18, "LED3_2", 2670.39, 1606.84, "T", "SMD", "$1N776", "", "R", 31.5, 31.5, 0, 90],
		[19, "LED4_1", 2349.05, 115.23, "T", "SMD", "GND", "GND", "R", 31.5, 31.5, 0, 180],
		[20, "LED4_2", 2348.78, 178.19, "T", "SMD", "$1N1091", "", "R", 31.5, 31.5, 0, 180],
		[21, "LED5_1", 2467.44, 1686.58, "T", "SMD", "GND", "GND", "R", 31.5, 31.5, 0, 90],
		[22, "LED5_2", 2530.39, 1686.84, "T", "SMD", "$1N1161", "", "R", 31.5, 31.5, 0, 90],
		[23, "MOT1_1", 2667.14, 761.67, "T", "SMD", "$1N1611", "", "R", 70, 35, 0, 0],
		[24, "MOT2_1", 2667.14, 704.08, "T", "SMD", "$1N1585", "", "R", 70, 35, 0, 0],
		[25, "OP_LED-1_1", 2667.14, 819.26, "T", "SMD", "GND", "GND", "R", 70, 35, 0, 0],
		[26, "OP_LED+1_1", 2667.14, 876.86, "T", "SMD", "OPTO_ANODE", "", "R", 70, 35, 0, 0],
		[27, "OP_SEN_C1_1", 2667.14, 992.04, "T", "SMD", "OP_C", "", "R", 70, 35, 0, 0],
		[28, "OP_SEN_E1_1", 2667.14, 934.45, "T", "SMD", "$1N2141", "", "R", 70, 35, 0, 0],
		[29, "Q1_1", 2661.31, 446.08, "T", "SMD", "$1N3361", "", "R", 49.21, 27.56, 0, 90],
		[30, "Q1_2", 2586.51, 446.08, "T", "SMD", "GND", "GND", "R", 49.21, 27.56, 0, 90],
		[31, "Q1_3", 2623.91, 367.34, "T", "SMD", "+5V", "", "R", 49.21, 27.56, 0, 90],
		[32, "R1_1", 1553.91, 929.67, "T", "SMD", "$1N3626", "", "R", 22.27, 21.26, 0, 90],
		[33, "R1_2", 1553.91, 963.75, "T", "SMD", "+5V", "", "R", 22.27, 21.26, 0, 90],
		[34, "R2_1", 1500.95, 1046.71, "T", "SMD", "$1N3522", "", "R", 22.27, 21.26, 0, 180],
		[35, "R2_2", 1466.87, 1046.71, "T", "SMD", "+5V", "", "R", 22.27, 21.26, 0, 180],
		[36, "R4_1", 2851.87, 1381.71, "T", "SMD", "$1N585", "", "R", 22.27, 21.26, 0, 0],
		[37, "R4_2", 2885.95, 1381.71, "T", "SMD", "$1N584", "", "R", 22.27, 21.26, 0, 0],
		[38, "R5_1", 2716.87, 1451.71, "T", "SMD", "$1N681", "", "R", 22.27, 21.26, 0, 0],
		[39, "R5_2", 2750.95, 1451.71, "T", "SMD", "$1N680", "", "R", 22.27, 21.26, 0, 0],
		[40, "R6_1", 2561.87, 1516.71, "T", "SMD", "$1N777", "", "R", 22.27, 21.26, 0, 0],
		[41, "R6_2", 2595.95, 1516.71, "T", "SMD", "$1N776", "", "R", 22.27, 21.26, 0, 0],
		[42, "R7_1", 2216.87, 181.71, "T", "SMD", "$1N873", "", "R", 22.27, 21.26, 0, 0],
		[43, "R7_2", 2250.95, 181.71, "T", "SMD", "$1N1091", "", "R", 22.27, 21.26, 0, 0],
		[44, "R8_1", 2436.87, 1606.71, "T", "SMD", "$1N1162", "", "R", 22.27, 21.26, 0, 0],
		[45, "R8_2", 2470.95, 1606.71, "T", "SMD", "$1N1161", "", "R", 22.27, 21.26, 0, 0],
		[46, "R9_1", 2419.25, 676.71, "T", "SMD", "+5V", "", "R", 31.75, 34.02, 0, 0],
		[47, "R9_2", 2478.57, 676.71, "T", "SMD", "$1N2141", "", "R", 31.75, 34.02, 0, 0],
		[48, "R10_1", 1862.86, 1007.9, "T", "SMD", "OP_A", "", "R", 22.27, 21.26, 0, 0],
		[49, "R10_2", 1896.94, 1007.9, "T", "SMD", "OPTO_ANODE", "", "R", 22.27, 21.26, 0, 0],
		[50, "R12_1", 2594.25, 536.71, "T", "SMD", "$1N3361", "", "R", 31.75, 34.02, 0, 0],
		[51, "R12_2", 2653.57, 536.71, "T", "SMD", "$1N3364", "", "R", 31.75, 34.02, 0, 0],
		[52, "R14_1", 1869.25, 931.71, "T", "SMD", "$1N3314", "", "R", 31.75, 34.02, 0, 0],
		[53, "R14_2", 1928.57, 931.71, "T", "SMD", "FEED", "", "R", 31.75, 34.02, 0, 0],
		[54, "R15_1", 2464.25, 111.71, "T", "SMD", "GND", "GND", "R", 31.75, 34.02, 0, 0],
		[55, "R15_2", 2523.57, 111.71, "T", "SMD", "$1N3314", "", "R", 31.75, 34.02, 0, 0],
		[56, "SW3_1", 2098.83, 1458.87, "T", "SMD", "$1N3522", "", "R", 66.93, 39.37, 0, 180],
		[57, "SW3_2", 1838.99, 1458.87, "T", "SMD", "$1N1345", "", "R", 66.93, 39.37, 0, 180],
		[58, "SW3_3", 2098.83, 1604.55, "T", "SMD", "GND", "GND", "R", 66.93, 39.37, 0, 180],
		[59, "SW3_4", 1838.99, 1604.55, "T", "SMD", "GND", "GND", "R", 66.93, 39.37, 0, 180],
		[60, "SW4_1", 1343.99, 1554.55, "T", "SMD", "$1N3626", "", "R", 66.93, 39.37, 0, 0],
		[61, "SW4_2", 1603.83, 1554.55, "T", "SMD", "$1N3626", "", "R", 66.93, 39.37, 0, 0],
		[62, "SW4_3", 1343.99, 1408.87, "T", "SMD", "GND", "GND", "R", 66.93, 39.37, 0, 0],
		[63, "SW4_4", 1603.83, 1408.87, "T", "SMD", "GND", "GND", "R", 66.93, 39.37, 0, 0],
		[64, "U1_1", 1677.25, 943.31, "T", "SMD", "$1N3626", "", "R", 9.84, 29.53, 0, 0],
		[65, "U1_2", 1696.93, 943.31, "T", "SMD", "$1N1345", "", "R", 9.84, 29.53, 0, 0],
		[66, "U1_3", 1716.62, 943.31, "T", "SMD", "SWD", "", "R", 9.84, 29.53, 0, 0],
		[67, "U1_4", 1736.3, 943.3, "T", "SMD", "SWC", "", "R", 9.84, 29.53, 0, 0],
		[68, "U1_5", 1763.8, 970.87, "T", "SMD", "NRST", "", "R", 29.53, 9.84, 0, 0],
		[69, "U1_6", 1763.8, 990.55, "T", "SMD", "FEED", "", "R", 29.53, 9.84, 0, 0],
		[70, "U1_7", 1763.8, 1010.24, "T", "SMD", "OP_A", "", "R", 29.53, 9.84, 0, 0],
		[71, "U1_8", 1763.8, 1029.92, "T", "SMD", "OP_C", "", "R", 29.53, 9.84, 0, 0],
		[72, "U1_9", 1736.24, 1057.48, "T", "SMD", "$1N1162", "", "R", 9.84, 29.53, 0, 0],
		[73, "U1_10", 1716.56, 1057.48, "T", "SMD", "$1N873", "", "R", 9.84, 29.53, 0, 0],
		[74, "U1_11", 1696.87, 1057.48, "T", "SMD", "$1N777", "", "R", 9.84, 29.53, 0, 0],
		[75, "U1_12", 1677.22, 1057.48, "T", "SMD", "$1N681", "", "R", 9.84, 29.53, 0, 0],
		[76, "U1_13", 1649.63, 1029.92, "T", "SMD", "$1N585", "", "R", 29.53, 9.84, 0, 0],
		[77, "U1_14", 1649.63, 1010.24, "T", "SMD", "$1N488", "", "R", 29.53, 9.84, 0, 0],
		[78, "U1_15", 1649.63, 990.55, "T", "SMD", "+5V", "", "R", 29.53, 9.84, 0, 0],
		[79, "U1_16", 1649.63, 970.87, "T", "SMD", "$1N877", "", "R", 29.53, 9.84, 0, 0],
		[80, "U1_17", 1706.73, 1000.39, "T", "SMD", "GND", "GND", "R", 66.93, 66.93, 0, 0],
		[81, "U2_1", 2097.61, 821.71, "T", "SMD", "GND", "GND", "R", 23.62, 61.02, 0, 90],
		[82, "U2_2", 2097.61, 771.71, "T", "SMD", "$1N877", "", "R", 23.62, 61.02, 0, 90],
		[83, "U2_3", 2097.61, 721.71, "T", "SMD", "$1N488", "", "R", 23.62, 61.02, 0, 90],
		[84, "U2_4", 2097.61, 671.71, "T", "SMD", "+5V", "", "R", 23.62, 61.02, 0, 90],
		[85, "U2_5", 2310.21, 671.71, "T", "SMD", "+5V", "", "R", 23.62, 61.02, 0, 90],
		[86, "U2_6", 2310.21, 721.71, "T", "SMD", "$1N1585", "", "R", 23.62, 61.02, 0, 90],
		[87, "U2_7", 2310.21, 771.71, "T", "SMD", "U2_7", "", "R", 23.62, 61.02, 0, 90],
		[88, "U2_8", 2310.21, 821.71, "T", "SMD", "$1N1611", "", "R", 23.62, 61.02, 0, 90],
		[89, "U2_9", 2203.91, 746.71, "T", "SMD", "GND", "GND", "R", 102.36, 122.05, 0, 180],
		[90, "U4_1", 1178.3, 1292.83, "T", "SMD", "+5V", "", "C", 59.05, 59.05, 0, 0],
		[91, "U4_2", 1278.3, 1292.83, "T", "SMD", "SWD", "", "C", 59.05, 59.05, 0, 0],
		[92, "U4_3", 1378.3, 1292.83, "T", "SMD", "SWC", "", "C", 59.05, 59.05, 0, 0],
		[93, "U4_4", 1478.3, 1292.83, "T", "SMD", "NRST", "", "C", 59.05, 59.05, 0, 0],
		[94, "U4_5", 1578.3, 1292.83, "T", "SMD", "GND", "GND", "C", 59.05, 59.05, 0, 0]
	]
}
}